<?xml version="1.0" encoding="UTF-8"?>
<project-private xmlns="http://www.netbeans.org/ns/project-private/1">
    <editor-bookmarks xmlns="http://www.netbeans.org/ns/editor-bookmarks/2" lastBookmarkId="0"/>
    <open-files xmlns="http://www.netbeans.org/ns/projectui-open-files/2">
        <group>
            <file>file:/E:/gate%20papers/mocktestgate/src/techquizapp/gui/ChangePasswordFrame.java</file>
            <file>file:/E:/gate%20papers/mocktestgate/src/techquizapp/gui/ChoosePaperFrame.java</file>
            <file>file:/E:/gate%20papers/mocktestgate/src/techquizapp/gui/EditPaperFrame.java</file>
            <file>file:/E:/gate%20papers/mocktestgate/src/techquizapp/gui/SetPaperFrame.java</file>
        </group>
    </open-files>
</project-private>
